INSERT INTO curso
( descricao, id )
VALUES ('Redes de Computadores', 1);

INSERT INTO curso
( descricao, id )
VALUES ('Sistemas Para Internet', 2);

-- Senha Padrão: 12345 --

INSERT INTO usuario
( id, matricula, nome, senha, telefone )
VALUES (1, '2012041033', 'Jose Carlos da Silva', '$2a$12$bFbBifzJXac/TMamnMUy9uLY8vGLoK5/g149UZLSznT/HJTpTxViG', '(83) 3422-9900');

INSERT INTO usuario
( id, matricula, nome, senha, telefone )
VALUES (2, '2013041125', 'Maria Clara dos Santos', '$2a$12$2U2UJbuxe8dtzH7e/SGyn.PHFfmEEKYNe/.rikLoGfNYKRrIrXgsu', '(83) 3662-5536');

INSERT INTO usuario
( id, matricula, nome, senha, telefone )
VALUES (3, '2012041056', 'Joao Firmino da Costa', '$2a$12$t1Uaa2lefYH2PaKkQPjESeKX.vy.TrLo153RhUPn.XtdR2PdzMnyS', '(83) 3556-8433');

INSERT INTO usuario
( id, matricula, nome, senha, telefone )
VALUES (4, '2013041012', 'Priscila Almeida Pontes', '$2a$12$20qelkCBAF9PmMKmQxmzgOBkxl.yBDVjyvriD9XQfBcM4tkK9TILO', '(83) 3417-4237');

INSERT INTO usuario
( id, matricula, nome, senha, telefone )
VALUES (5, '20130414512', 'Walter Pontes Fontes', '$2a$12$sz347Nzkvx3onefek6yoLuQZKa6T.F1Ss1D0iWt5tOSbPltu3ENIC', '(83) 3417-4645');

INSERT INTO usuario
( id, matricula, nome, senha, telefone )
VALUES (6, '20130414564', 'Amanda Correia Lima', '$2a$12$dsirMPJoM5Y/eLLqBwbx4.SLWUGLBLp8TztBtywC.YR7keB0JpFvy', '(83) 9888-4099');

INSERT INTO usuario
( id, matricula, nome, senha, telefone )
VALUES (7, '2013041474', 'Rogerio Nunes Felix', '$2a$12$DYvObRXyRTiGlQXZqep3/eqLsvSuxk79/JvVyA0PXK2mXNG4OcZR2', '(83) 98388-4787');

INSERT INTO usuario
( id, matricula, nome, senha, telefone )
VALUES (8, '2013041110', 'Carol Soares Barbosa', '$2a$12$b9e7JtEUaoTWtwCeo0GBH.g4e6GZ3teQKZF1llXAIGEkpitk7j8fm', '(83) 98747-4849');

INSERT INTO usuario
( id, matricula, nome, senha, telefone )
VALUES (9, '2013041556', 'Cesar Ferreira da Silva', '$2a$12$3Mz3t/C/wH/JemUNEeRWruGP2frTjb5ytzwnJzu5laeZupbs9Dl2e', '(83) 98821-4899');

INSERT INTO usuario
( id, matricula, nome, senha, telefone )
VALUES (10, '2013041498', 'Natalia Seixas Gomes', '$2a$12$AlWyhKPiHntm7N6owhyB8.Nv7Xx9DTu7cQUw2HwYY9ABwUhiNSg26', '(83) 94432-0199');

INSERT INTO usuario
( id, matricula, nome, senha, telefone )
VALUES (11, '2013041213', 'Ana Carla Oliveira', '$2a$12$gJ3u2Tfte5U8/sLVDK2F6OTFILCp8w3a.h3fuXu/i4aW8UijJvDXO', '(83) 98549-5421');

INSERT INTO usuario
( id, matricula, nome, senha, telefone )
VALUES (12, '2013041321', 'Geraldo da Silva Xavier', '$2a$12$WMfaGFsg/XnY8bsUYIVvTuCT/YYt433ofEh5xH3XJgokinhGd2f.G', '(83) 98756-5421');

INSERT INTO usuario
( id, matricula, nome, senha, telefone )
VALUES (13, '1200309', 'Frederico Costa', '$2a$12$5TzuBTDQRgosCNjUVmil7umzjXr0.4ei1/mG9Y7HNH4Th1DOv.iAe', '(83) 98815-7517');

INSERT INTO usuario
( id, matricula, nome, senha, telefone )
VALUES (14, '1200310', 'Valeria Cavalcanti', '$2a$12$bQM1ScY7CNiKBvB.xStUo.PaZNxsUTOrt/7fX7rJMRN3ivtgP3mKm', '(83) 98388-4787');

INSERT INTO usuario
( id, matricula, nome, senha, telefone )
VALUES (15, '1200311', 'Marcus Varandas', '$2a$12$4iyNNk80vnaRm863MDFLnexezWH/MTyLQElGWdjESyV5YkhXaU1xK', '(83) 99932-8874');

INSERT INTO usuario
( id, matricula, nome, senha, telefone )
VALUES (16, '1200312', 'Cândido Egypto', '$2a$12$E4IgbcKhAsFWwT7qeK/72uaumt0wO22XNRHqbyMrSQthaI2wtdRlG', '(83) 99932-2744');

INSERT INTO usuario
( id, matricula, nome, senha, telefone )
VALUES (17, '1200313', 'Thiago Gouveia', '$2a$12$Kbt0sfjD5G7vITgNTWf4p.r7BweiHSGZhbJYYViJ0Da2X3EVL8QOC', '(83) 99934-7084');

INSERT INTO usuario
( id, matricula, nome, senha, telefone )
VALUES (18, '1200314', 'Gustavo Wagner', '$2a$12$8tbFEfckwTx0VxeZm82/DeDfI59gvM.addIki6NGI9YbFqYySLRKm', '(83) 99523-5621');

INSERT INTO usuario
( id, matricula, nome, senha, telefone )
VALUES (19, '1200315', 'Heremita Brasileiro', '$2a$12$xZjq9jfNYb48jfXVOj/LJu99wK8iHO3uVhhN7A3gueiGiyvpcqkL.', '(83) 99954-2312');

INSERT INTO usuario
( id, matricula, nome, senha, telefone )
VALUES (20, '1200316', 'Felipe Correia', '$2a$12$j/ryiR/smaC1St1Xt9AMwOeE4PDCumFd5fBM0T5ekMt.0mcDuYPly', '(83) 3255-9856');

INSERT INTO aluno
(curso_id, id, representante )
VALUES (1, 1, TRUE);

INSERT INTO aluno
(curso_id, id, representante )
VALUES (2, 2, TRUE);

INSERT INTO aluno
(curso_id, id, representante )
VALUES (1, 3, FALSE);

INSERT INTO aluno
(curso_id, id, representante )
VALUES (2, 4, FALSE);

INSERT INTO aluno
(curso_id, id, representante )
VALUES (1, 5, FALSE);

INSERT INTO aluno
(curso_id, id, representante )
VALUES (2, 6, FALSE);

INSERT INTO aluno
(curso_id, id, representante )
VALUES (1, 7, FALSE);

INSERT INTO aluno
(curso_id, id, representante )
VALUES (2, 8, FALSE);

INSERT INTO aluno
(curso_id, id, representante )
VALUES (1, 9, FALSE);

INSERT INTO aluno
(curso_id, id, representante )
VALUES (2, 10, FALSE);

INSERT INTO aluno
(curso_id, id, representante )
VALUES (1, 11, FALSE);

INSERT INTO aluno
(curso_id, id, representante )
VALUES (2, 12, FALSE);

INSERT INTO professor
( id )
VALUES (13);

INSERT INTO professor
( id )
VALUES (14);

INSERT INTO professor
( id )
VALUES (15);

INSERT INTO professor
( id )
VALUES (16);

INSERT INTO professor
( id )
VALUES (17);

INSERT INTO professor
( id )
VALUES (18);

INSERT INTO professor
( id )
VALUES (19);

INSERT INTO administrador
( id )
VALUES (20);

INSERT INTO coordenacao
( curso_id, id, coordenador_id, ativo )
VALUES (1, 1, 13, TRUE);

INSERT INTO coordenacao
( curso_id, id, coordenador_id, ativo )
VALUES (2, 2, 14, TRUE);

UPDATE professor
SET coordenacao_id = 1
WHERE id = 13;

UPDATE professor
SET coordenacao_id = 2
WHERE id = 14;

UPDATE curso
SET coordenacao_id = 1
WHERE id = 1;

UPDATE curso
SET coordenacao_id = 2
WHERE id = 2;

INSERT INTO assunto
( id, descricao )
VALUES (1, 'Trancamento de Matrícula');

INSERT INTO assunto
( id, descricao )
VALUES (2, 'Reabertura de Matrícula');

INSERT INTO assunto
( id, descricao )
VALUES (3, 'Dispensa de Pré-Requisito');

INSERT INTO colegiado
( id, curso_id, datatermino, datainicio, descricao, portaria )
VALUES (1, 1, null, '2014-04-10', 'Colegiado de Redes de Computadores', 'DG-JP 122/2014');

INSERT INTO colegiado
( id, curso_id, datatermino, datainicio, descricao, portaria )
VALUES (2, 2, null, '2015-02-22', 'Colegiado de Sistemas para Internet', 'DG-JP 175/2015');

INSERT INTO colegiado_usuario
( colegiado_id, membros_id )
VALUES (1, 1);

INSERT INTO colegiado_usuario
( colegiado_id, membros_id )
VALUES (1, 13);

INSERT INTO colegiado_usuario
( colegiado_id, membros_id )
VALUES (1, 14);

INSERT INTO colegiado_usuario
( colegiado_id, membros_id )
VALUES (1, 15);

INSERT INTO colegiado_usuario
( colegiado_id, membros_id )
VALUES (2, 2);

INSERT INTO colegiado_usuario
( colegiado_id, membros_id )
VALUES (2, 14);

INSERT INTO colegiado_usuario
( colegiado_id, membros_id )
VALUES (2, 16);

INSERT INTO colegiado_usuario
( colegiado_id, membros_id )
VALUES (2, 17);

INSERT INTO reuniao
( colegiado_id, data, descricao, id, status )
VALUES (1, '2016-03-21', 'Reunião 0001/2016', 1, 'ENCERRADA');

INSERT INTO reuniao
( colegiado_id, data, descricao, id, status )
VALUES (1, '2016-05-27', 'Reunião 0002/2016', 2, 'ENCERRADA');

INSERT INTO reuniao
( colegiado_id, data, descricao, id, status )
VALUES (2, '2016-06-27', 'Reunião 0001/2016', 3, 'PLANEJADA');

INSERT INTO processo
( assunto_id, datadistribuicao, dataparecer, datarecepcao, decisao, id, numero, parecer, relator_id, requerimento, requisitante_id, reuniao_id, status )
VALUES (1, '2016-03-10', '2016-03-17', '2016-03-08', 'DEFERIDO', 1, '2300212445005/2016', null, 15, null, 3, 1, 'JULGADO');

INSERT INTO processo
( assunto_id, datadistribuicao, dataparecer, datarecepcao, decisao, id, numero, parecer, relator_id, requerimento, requisitante_id, reuniao_id, status )
VALUES (2, '2016-06-11', '2016-03-19', '2016-03-04', 'INDEFERIDO', 2, '2300277895031/2016', null, 15, null, 5, 1, 'JULGADO');

INSERT INTO processo
( assunto_id, datadistribuicao, dataparecer, datarecepcao, decisao, id, numero, parecer, relator_id, requerimento, requisitante_id, reuniao_id, status )
VALUES (3, '2016-03-11', '2016-03-15', '2016-03-07', 'DEFERIDO', 3, '2300335767567/2016', null, 14, null, 7, 1, 'JULGADO');

INSERT INTO processo
( assunto_id, datadistribuicao, dataparecer, datarecepcao, decisao, id, numero, parecer, relator_id, requerimento, requisitante_id, reuniao_id, status )
VALUES (2, '2016-03-11', '2016-03-14', '2016-03-07', 'INDEFERIDO', 4, '2300335353553/2016', null, 14, null, 9, 1, 'JULGADO');

INSERT INTO processo
( assunto_id, datadistribuicao, dataparecer, datarecepcao, decisao, id, numero, parecer, relator_id, requerimento, requisitante_id, reuniao_id, status )
VALUES (3, '2016-05-21', '2016-05-23', '2016-05-17', 'DEFERIDO', 5, '2300335833392/2016', null, 14, null, 11, 2, 'JULGADO');

INSERT INTO processo
( assunto_id, datadistribuicao, dataparecer, datarecepcao, decisao, id, numero, parecer, relator_id, requerimento, requisitante_id, reuniao_id, status )
VALUES (3, '2016-05-21', '2016-05-24', '2016-05-18', 'DEFERIDO', 6, '2300334840948/2016', null, 15, null, 3, 2, 'JULGADO');

INSERT INTO processo
( assunto_id, datadistribuicao, dataparecer, datarecepcao, decisao, id, numero, parecer, relator_id, requerimento, requisitante_id, reuniao_id, status )
VALUES (1, '2016-05-21', '2016-05-25', '2016-05-17', 'INDEFERIDO', 7, '23003357675677/2016', null, 15, null, 9, 2, 'JULGADO');

INSERT INTO processo
( assunto_id, datadistribuicao, dataparecer, datarecepcao, decisao, id, numero, parecer, relator_id, requerimento, requisitante_id, reuniao_id, status )
VALUES (2, '2016-06-19', null, '2016-06-15', null, 8, '2300330650334/2016', null, 16, null, 10, 3, 'PAUTADO');

INSERT INTO processo
( assunto_id, datadistribuicao, dataparecer, datarecepcao, decisao, id, numero, parecer, relator_id, requerimento, requisitante_id, reuniao_id, status )
VALUES (3, '2016-06-19', null, '2016-06-16', null, 9, '2300331134367/2016', null, 17, null, 12, 3, 'PAUTADO');

INSERT INTO processo
( assunto_id, datadistribuicao, dataparecer, datarecepcao, decisao, id, numero, parecer, relator_id, requerimento, requisitante_id, reuniao_id, status )
VALUES (2, null, null, '2016-06-19', null, 10, '230033558381/2016', null, null, null, 8, null, 'CRIADO');